{
  "dataset_samples": 26000,
  "normal_samples": 20000,
  "anomaly_samples": 6000,
  "features": [
    "temperature",
    "humidity",
    "accel_magnitude"
  ],
  "results": [
    {
      "name": "kNN Outlier",
      "threshold": 0.2282839020752594,
      "accuracy": 0.9846153846153847,
      "precision": 0.9444444444444444,
      "recall": 0.9916666666666667,
      "f1": 0.967479674796748,
      "roc_auc": 0.9972299074074074,
      "correct": 7680,
      "total": 7800,
      "runtime_ms": 0.016450881958007812,
      "confusion_matrix": [
        [
          5895,
          105
        ],
        [
          15,
          1785
        ]
      ]
    },
    {
      "name": "Mahalanobis",
      "threshold": 2.7080854706697357,
      "accuracy": 0.9538461538461539,
      "precision": 0.8491755577109602,
      "recall": 0.9727777777777777,
      "f1": 0.9067840497151735,
      "roc_auc": 0.9908654629629631,
      "correct": 7440,
      "total": 7800,
      "runtime_ms": 0.009775161743164062,
      "confusion_matrix": [
        [
          5689,
          311
        ],
        [
          49,
          1751
        ]
      ]
    },
    {
      "name": "Isolation Forest",
      "threshold": -0.014189960116250793,
      "accuracy": 0.8034615384615384,
      "precision": 0.7458563535911602,
      "recall": 0.225,
      "f1": 0.34571062740076824,
      "roc_auc": 0.9297678240740741,
      "correct": 6267,
      "total": 7800,
      "runtime_ms": 0.011205673217773438,
      "confusion_matrix": [
        [
          5862,
          138
        ],
        [
          1395,
          405
        ]
      ]
    },
    {
      "name": "MIL-STD Rule",
      "threshold": 0.0,
      "accuracy": 0.973974358974359,
      "precision": 1.0,
      "recall": 0.8872222222222222,
      "f1": 0.9402413894612893,
      "roc_auc": 0.9436111111111112,
      "correct": 7597,
      "total": 7800,
      "runtime_ms": 0.023603439331054688,
      "confusion_matrix": [
        [
          6000,
          0
        ],
        [
          203,
          1597
        ]
      ]
    }
  ]
}