{
  "models": [
    {
      "vehicle_id": "Transport-1",
      "samples": 1630,
      "threshold": 6.0368927201682085,
      "mean": [
        -42.820245398773004,
        11.606134969325153,
        28.978159506638036,
        71.57361963190183,
        9.55668708255092
      ],
      "inv_cov": [
        [
          0.09055788364279313,
          -0.06855256246972286,
          -1.502865454557667,
          0.07945300505167975,
          3.124088675157337
        ],
        [
          -0.06855256246972125,
          0.7035153014146406,
          -1.2257758513874546,
          -0.018395694161098625,
          -5.372322979054177
        ],
        [
          -1.502865454557691,
          -1.2257758513873809,
          106.82527629875018,
          -0.7787806444765345,
          11.684110629536342
        ],
        [
          0.07945300505168014,
          -0.018395694161102108,
          -0.7787806444765307,
          0.5540655042509105,
          3.9125568483143467
        ],
        [
          3.1240886751572723,
          -5.372322979054223,
          11.68411062954067,
          3.9125568483143103,
          600.4601516806138
        ]
      ],
      "distance_mean": 1.8395057268417623,
      "distance_std": 1.269820064982301,
      "distance_max": 9.475137517989086
    },
    {
      "vehicle_id": "Transport-2",
      "samples": 1076,
      "threshold": 4.795307851179276,
      "mean": [
        -44.734200743494426,
        11.91914498141264,
        28.732992454516726,
        70.07434944237919,
        11.002425475379182
      ],
      "inv_cov": [
        [
          0.04636381760111959,
          0.005380412453182958,
          -1.5853494622032644,
          0.03629580597576778,
          0.1320898205137577
        ],
        [
          0.005380412453182498,
          3.4294667538480694,
          -1.2365284574748439,
          0.21968975170470834,
          -0.2186852539073337
        ],
        [
          -1.585349462203263,
          -1.2365284574748787,
          118.95204018267597,
          0.6844300818523937,
          -8.641596663012534
        ],
        [
          0.03629580597576785,
          0.21968975170470942,
          0.6844300818523887,
          2.5076119222195556,
          1.1815656871507332
        ],
        [
          0.13208982051375787,
          -0.21868525390733057,
          -8.641596663012555,
          1.1815656871507345,
          32.53816240828417
        ]
      ],
      "distance_mean": 1.7725134241939684,
      "distance_std": 1.361393401485904,
      "distance_max": 20.10959546773644
    }
  ],
  "feature_cols": [
    "rssi",
    "snr",
    "temperature",
    "humidity",
    "accel_magnitude"
  ],
  "normal_labels": [
    "NORMAL"
  ],
  "quantile": 0.98
}