{
  "Transport-1": {
    "k_neighbors": 5,
    "train_samples": 480,
    "test_samples": 120,
    "train_accuracy": 0.9854166666666667,
    "test_accuracy": 0.9916666666666667,
    "per_class_metrics": {
      "NORMAL": {
        "precision": 1.0,
        "recall": 1.0,
        "f1": 1.0
      },
      "WARNING": {
        "precision": 1.0,
        "recall": 0.9722222222222222,
        "f1": 0.9859154929577465
      },
      "CRITICAL": {
        "precision": 0.96,
        "recall": 1.0,
        "f1": 0.9795918367346939
      }
    }
  },
  "Transport-2": {
    "k_neighbors": 5,
    "train_samples": 480,
    "test_samples": 120,
    "train_accuracy": 0.9729166666666667,
    "test_accuracy": 0.9583333333333334,
    "per_class_metrics": {
      "NORMAL": {
        "precision": 0.9523809523809523,
        "recall": 1.0,
        "f1": 0.975609756097561
      },
      "WARNING": {
        "precision": 1.0,
        "recall": 0.8611111111111112,
        "f1": 0.9253731343283582
      },
      "CRITICAL": {
        "precision": 0.9230769230769231,
        "recall": 1.0,
        "f1": 0.96
      }
    }
  },
  "Transport-3": {
    "k_neighbors": 9,
    "train_samples": 480,
    "test_samples": 120,
    "train_accuracy": 0.98125,
    "test_accuracy": 0.9916666666666667,
    "per_class_metrics": {
      "NORMAL": {
        "precision": 1.0,
        "recall": 1.0,
        "f1": 1.0
      },
      "WARNING": {
        "precision": 0.972972972972973,
        "recall": 1.0,
        "f1": 0.9863013698630136
      },
      "CRITICAL": {
        "precision": 1.0,
        "recall": 0.9583333333333334,
        "f1": 0.9787234042553191
      }
    }
  },
  "Transport-4": {
    "k_neighbors": 5,
    "train_samples": 480,
    "test_samples": 120,
    "train_accuracy": 0.9895833333333334,
    "test_accuracy": 0.9666666666666667,
    "per_class_metrics": {
      "NORMAL": {
        "precision": 0.9523809523809523,
        "recall": 1.0,
        "f1": 0.975609756097561
      },
      "WARNING": {
        "precision": 1.0,
        "recall": 0.8888888888888888,
        "f1": 0.9411764705882353
      },
      "CRITICAL": {
        "precision": 0.96,
        "recall": 1.0,
        "f1": 0.9795918367346939
      }
    }
  },
  "Transport-5": {
    "k_neighbors": 7,
    "train_samples": 480,
    "test_samples": 120,
    "train_accuracy": 0.9875,
    "test_accuracy": 0.9666666666666667,
    "per_class_metrics": {
      "NORMAL": {
        "precision": 0.9523809523809523,
        "recall": 1.0,
        "f1": 0.975609756097561
      },
      "WARNING": {
        "precision": 0.9705882352941176,
        "recall": 0.9166666666666666,
        "f1": 0.9428571428571428
      },
      "CRITICAL": {
        "precision": 1.0,
        "recall": 0.9583333333333334,
        "f1": 0.9787234042553191
      }
    }
  }
}