{
  "type": "global",
  "k_neighbors": 9,
  "total_samples": 3000,
  "train_samples": 2400,
  "test_samples": 600,
  "vehicles": 5,
  "train_accuracy": 0.9779166666666667,
  "test_accuracy": 0.9783333333333334,
  "per_class_metrics": {
    "NORMAL": {
      "precision": 0.9867986798679867,
      "recall": 0.9966666666666667,
      "f1": 0.9917081260364843
    },
    "WARNING": {
      "precision": 0.9717514124293786,
      "recall": 0.9555555555555556,
      "f1": 0.9635854341736695
    },
    "CRITICAL": {
      "precision": 0.9666666666666667,
      "recall": 0.9666666666666667,
      "f1": 0.9666666666666667
    }
  },
  "k_comparison": {
    "5": {
      "train_accuracy": 0.9804166666666667,
      "test_accuracy": 0.9783333333333334,
      "generalization_gap": 0.002083333333333326
    },
    "7": {
      "train_accuracy": 0.9795833333333334,
      "test_accuracy": 0.98,
      "generalization_gap": -0.0004166666666666208
    },
    "9": {
      "train_accuracy": 0.9779166666666667,
      "test_accuracy": 0.9783333333333334,
      "generalization_gap": -0.0004166666666667318
    }
  }
}