{
  "best_k": 9,
  "num_samples": 2000,
  "train_samples": 1600,
  "test_samples": 400,
  "train_accuracy": 0.919375,
  "test_accuracy": 0.9175,
  "generalization_gap": 0.001875000000000071,
  "thresholds": {
    "0": 0.06565016663078628,
    "1": 0.06937760498128334,
    "2": 0.09702817192481458
  },
  "normalization_params": {
    "rssi_min": -120,
    "rssi_max": -30,
    "snr_min": -20,
    "snr_max": 15,
    "interval_min": 800,
    "interval_max": 3000
  },
  "per_class_metrics": {
    "precision": [
      0.9234449760765551,
      0.8849557522123894,
      0.9487179487179487
    ],
    "recall": [
      0.965,
      0.8333333333333334,
      0.925
    ],
    "f1": [
      0.9437652811735942,
      0.8583690987124464,
      0.9367088607594937
    ]
  },
  "confusion_matrix": [
    [
      193,
      7,
      0
    ],
    [
      16,
      100,
      4
    ],
    [
      0,
      6,
      74
    ]
  ],
  "labels": {
    "0": "NORMAL",
    "1": "WARNING",
    "2": "CRITICAL"
  },
  "all_k_results": {
    "5": {
      "train_accuracy": 0.919375,
      "test_accuracy": 0.9075,
      "generalization_gap": 0.01187500000000008
    },
    "7": {
      "train_accuracy": 0.925625,
      "test_accuracy": 0.9025,
      "generalization_gap": 0.023125000000000062
    },
    "9": {
      "train_accuracy": 0.919375,
      "test_accuracy": 0.9175,
      "generalization_gap": 0.001875000000000071
    }
  }
}