{
  "parse_lora": {
    "mean": 0.019016600030226982,
    "median": 0.017300000763498247,
    "std": 0.02140649027211528,
    "min": 0.0106999996205559,
    "max": 0.6795000008423813
  },
  "normalize": {
    "mean": 0.03666720002183865,
    "median": 0.03370000013092067,
    "std": 0.011323211751798653,
    "min": 0.02409999979136046,
    "max": 0.18280000040249433
  },
  "knn_inference": {
    "mean": 8.823662899996634,
    "median": 5.876399999579007,
    "std": 90.3026237001548,
    "min": 4.44450000031793,
    "max": 2862.912500000675
  },
  "majority_vote": {
    "mean": 0.046371399992494844,
    "median": 0.0442000000475673,
    "std": 0.015197339296250887,
    "min": 0.022999998691375367,
    "max": 0.13450000005832408
  },
  "mqtt_publish": {
    "mean": 11.521236699984001,
    "median": 11.519800001609838,
    "std": 0.005955401178332829,
    "min": 11.512599999536178,
    "max": 11.569300000177464
  },
  "total": {
    "mean": 8.951124900002469,
    "median": 6.001300000207266,
    "std": 90.32418652156686,
    "min": 4.525800000919844,
    "max": 2863.715699999375
  }
}